model,cv_pr_auc_mean,cv_pr_auc_std
Random Forest,0.7288750447964769,0.01674488758247634
XGBoost,0.7154572932408515,0.012493967433448064
Logistic Regression,0.6566160581388508,0.019328366510393203
