Revenue,count,ratio
0,10422,0.8452554744525548
1,1908,0.15474452554744525
