pagevalues_decile,conversions,sessions,conversion_rate,conversion_pct
D1,459,9864,0.046532846715328466,4.653284671532846
D2,563,1233,0.45660989456609896,45.6609894566099
D3,886,1233,0.7185725871857259,71.8572587185726
