VisitorType,conversions,sessions,conversion_rate,ci_lower,ci_upper,conversion_pct,ci_lower_pct,ci_upper_pct
New_Visitor,422,1694,0.24911452184179456,0.22910188962332226,0.27026243819183027,24.911452184179456,22.910188962332224,27.026243819183026
Other,16,85,0.18823529411764706,0.11932143444884925,0.28411024369402993,18.823529411764707,11.932143444884925,28.411024369402995
Returning_Visitor,1470,10551,0.1393232868922377,0.1328470154664346,0.1460620965563255,13.93232868922377,13.28470154664346,14.606209655632549
